﻿skill,frecuencia_mercado,porcentaje_mercado,score_demanda,bonus_objetivo,bonus_actual,score_total,prioridad,urgencia,es_objetivo,es_actual,bonus_tendencia
Python,120,45.0,45.0,0,0,65.0,Media,Próximo mes,False,False,20
Power BI,80,30.0,30.0,0,0,50.0,Media,Próximo mes,False,False,20
SQL,78,28.0,28.0,0,0,48.0,Media,Próximo mes,False,False,20
Machine Learning,40,15.0,15.0,0,0,15.0,Baja,Planeación largo plazo,False,False,0
SAP,25,8.0,8.0,0,0,8.0,Baja,Planeación largo plazo,False,False,0
Tableau,12,4.0,4.0,0,0,4.0,Baja,Planeación largo plazo,False,False,0
